<mxfile host="app.diagrams.net">
  <diagram id="services-architecture" name="Services and Databases Architecture">
    <mxGraphModel dx="1422" dy="794" grid="1" gridSize="10" guides="1" tooltips="1" connect="1" arrows="1" fold="1" page="1" pageScale="1" pageWidth="1200" pageHeight="900" math="0" shadow="0">
      <root>
        <mxCell id="0" />
        <mxCell id="1" parent="0" />
        
        <!-- Title -->
        <mxCell id="title" value="Vehicle Parking Management System - Architecture" style="text;html=1;strokeColor=none;fillColor=none;align=center;verticalAlign=middle;whiteSpace=wrap;rounded=0;fontSize=20;fontStyle=1" vertex="1" parent="1">
          <mxGeometry x="400" y="20" width="400" height="30" as="geometry" />
        </mxCell>
        
        <!-- Client Layer -->
        <mxCell id="client-box" value="Client Layer" style="swimlane;whiteSpace=wrap;html=1;fillColor=#dae8fc;strokeColor=#6c8ebf;fontStyle=1" vertex="1" parent="1">
          <mxGeometry x="450" y="70" width="300" height="80" as="geometry" />
        </mxCell>
        <mxCell id="client" value="Web/Mobile Client" style="text;html=1;strokeColor=none;fillColor=none;align=center;verticalAlign=middle;whiteSpace=wrap;rounded=0;" vertex="1" parent="client-box">
          <mxGeometry x="50" y="30" width="200" height="30" as="geometry" />
        </mxCell>
        
        <!-- Gateway -->
        <mxCell id="gateway" value="API Gateway&#xa;Port: 8080" style="rounded=1;whiteSpace=wrap;html=1;fillColor=#fff2cc;strokeColor=#d6b656;fontStyle=1" vertex="1" parent="1">
          <mxGeometry x="500" y="180" width="200" height="60" as="geometry" />
        </mxCell>
        
        <!-- Eureka -->
        <mxCell id="eureka" value="Eureka Service Discovery&#xa;Port: 8761" style="rounded=1;whiteSpace=wrap;html=1;fillColor=#d5e8d4;strokeColor=#82b366;fontStyle=1" vertex="1" parent="1">
          <mxGeometry x="500" y="260" width="200" height="60" as="geometry" />
        </mxCell>
        
        <!-- Services Box -->
        <mxCell id="services-box" value="Microservices Layer" style="swimlane;whiteSpace=wrap;html=1;fillColor=#e1d5e7;strokeColor=#9673a6;fontStyle=1" vertex="1" parent="1">
          <mxGeometry x="50" y="350" width="1100" height="180" as="geometry" />
        </mxCell>
        
        <mxCell id="user-svc" value="User Service&#xa;Port: 8081&#xa;/api/auth/**&#xa;/api/users/**" style="rounded=1;whiteSpace=wrap;html=1;fillColor=#ffffff;strokeColor=#9673a6;" vertex="1" parent="services-box">
          <mxGeometry x="20" y="30" width="180" height="130" as="geometry" />
        </mxCell>
        
        <mxCell id="admin-svc" value="Admin Service&#xa;Port: 8082&#xa;/api/lots/**&#xa;/api/admin/**" style="rounded=1;whiteSpace=wrap;html=1;fillColor=#ffffff;strokeColor=#9673a6;" vertex="1" parent="services-box">
          <mxGeometry x="230" y="30" width="180" height="130" as="geometry" />
        </mxCell>
        
        <mxCell id="booking-svc" value="Booking Service&#xa;Port: 8083&#xa;/api/bookings/**" style="rounded=1;whiteSpace=wrap;html=1;fillColor=#ffffff;strokeColor=#9673a6;" vertex="1" parent="services-box">
          <mxGeometry x="440" y="30" width="180" height="130" as="geometry" />
        </mxCell>
        
        <mxCell id="payment-svc" value="Payment Service&#xa;Port: 8084&#xa;/api/payments/**" style="rounded=1;whiteSpace=wrap;html=1;fillColor=#ffffff;strokeColor=#9673a6;" vertex="1" parent="services-box">
          <mxGeometry x="650" y="30" width="180" height="130" as="geometry" />
        </mxCell>
        
        <mxCell id="notif-svc" value="Notification Service&#xa;Port: 8085&#xa;/api/notifications/**" style="rounded=1;whiteSpace=wrap;html=1;fillColor=#ffffff;strokeColor=#9673a6;" vertex="1" parent="services-box">
          <mxGeometry x="860" y="30" width="180" height="130" as="geometry" />
        </mxCell>
        
        <!-- Database Box -->
        <mxCell id="db-box" value="Database Layer (MySQL)" style="swimlane;whiteSpace=wrap;html=1;fillColor=#f8cecc;strokeColor=#b85450;fontStyle=1" vertex="1" parent="1">
          <mxGeometry x="50" y="560" width="1100" height="120" as="geometry" />
        </mxCell>
        
        <mxCell id="user-db" value="user_service" style="shape=cylinder3;whiteSpace=wrap;html=1;boundedLbl=1;backgroundOutline=1;size=15;fillColor=#ffffff;strokeColor=#b85450;" vertex="1" parent="db-box">
          <mxGeometry x="30" y="20" width="160" height="80" as="geometry" />
        </mxCell>
        
        <mxCell id="admin-db" value="admin_service" style="shape=cylinder3;whiteSpace=wrap;html=1;boundedLbl=1;backgroundOutline=1;size=15;fillColor=#ffffff;strokeColor=#b85450;" vertex="1" parent="db-box">
          <mxGeometry x="230" y="20" width="160" height="80" as="geometry" />
        </mxCell>
        
        <mxCell id="booking-db" value="booking_service" style="shape=cylinder3;whiteSpace=wrap;html=1;boundedLbl=1;backgroundOutline=1;size=15;fillColor=#ffffff;strokeColor=#b85450;" vertex="1" parent="db-box">
          <mxGeometry x="430" y="20" width="160" height="80" as="geometry" />
        </mxCell>
        
        <mxCell id="payment-db" value="payment_service" style="shape=cylinder3;whiteSpace=wrap;html=1;boundedLbl=1;backgroundOutline=1;size=15;fillColor=#ffffff;strokeColor=#b85450;" vertex="1" parent="db-box">
          <mxGeometry x="630" y="20" width="160" height="80" as="geometry" />
        </mxCell>
        
        <mxCell id="notif-db" value="notification_service" style="shape=cylinder3;whiteSpace=wrap;html=1;boundedLbl=1;backgroundOutline=1;size=15;fillColor=#ffffff;strokeColor=#b85450;" vertex="1" parent="db-box">
          <mxGeometry x="830" y="20" width="160" height="80" as="geometry" />
        </mxCell>
        
        <!-- Infrastructure Box -->
        <mxCell id="infra-box" value="Infrastructure Layer" style="swimlane;whiteSpace=wrap;html=1;fillColor=#ffe6cc;strokeColor=#d79b00;fontStyle=1" vertex="1" parent="1">
          <mxGeometry x="50" y="710" width="1100" height="120" as="geometry" />
        </mxCell>
        
        <mxCell id="redis" value="Redis Cache&#xa;Port: 6379&#xa;Caching:&#xa;- User Profiles&#xa;- Booking Availability&#xa;- Payment Queries" style="shape=cylinder3;whiteSpace=wrap;html=1;boundedLbl=1;backgroundOutline=1;size=15;fillColor=#ffffff;strokeColor=#d79b00;" vertex="1" parent="infra-box">
          <mxGeometry x="230" y="20" width="200" height="90" as="geometry" />
        </mxCell>
        
        <mxCell id="rabbitmq" value="RabbitMQ&#xa;Port: 5672&#xa;Events:&#xa;- booking.created&#xa;- booking.cancelled&#xa;- payment.status&#xa;- user.profile.updated" style="rounded=1;whiteSpace=wrap;html=1;fillColor=#ffffff;strokeColor=#d79b00;fontStyle=0" vertex="1" parent="infra-box">
          <mxGeometry x="630" y="20" width="200" height="90" as="geometry" />
        </mxCell>
        
        <!-- Connections -->
        <mxCell id="edge1" value="HTTP/REST" style="endArrow=classic;html=1;rounded=0;strokeWidth=2;" edge="1" parent="1" source="client" target="gateway">
          <mxGeometry width="50" height="50" relative="1" as="geometry" />
        </mxCell>
        
        <mxCell id="edge2" value="Service Discovery" style="endArrow=classic;html=1;rounded=0;strokeWidth=2;dashed=1;" edge="1" parent="1" source="gateway" target="eureka">
          <mxGeometry width="50" height="50" relative="1" as="geometry" />
        </mxCell>
        
        <mxCell id="edge3" value="" style="endArrow=classic;html=1;rounded=0;strokeWidth=2;" edge="1" parent="1" source="gateway" target="user-svc">
          <mxGeometry width="50" height="50" relative="1" as="geometry" />
        </mxCell>
        
        <mxCell id="edge4" value="" style="endArrow=classic;html=1;rounded=0;strokeWidth=2;" edge="1" parent="1" source="gateway" target="admin-svc">
          <mxGeometry width="50" height="50" relative="1" as="geometry" />
        </mxCell>
        
        <mxCell id="edge5" value="" style="endArrow=classic;html=1;rounded=0;strokeWidth=2;" edge="1" parent="1" source="gateway" target="booking-svc">
          <mxGeometry width="50" height="50" relative="1" as="geometry" />
        </mxCell>
        
        <mxCell id="edge6" value="" style="endArrow=classic;html=1;rounded=0;strokeWidth=2;" edge="1" parent="1" source="gateway" target="payment-svc">
          <mxGeometry width="50" height="50" relative="1" as="geometry" />
        </mxCell>
        
        <mxCell id="edge7" value="" style="endArrow=classic;html=1;rounded=0;strokeWidth=2;" edge="1" parent="1" source="gateway" target="notif-svc">
          <mxGeometry width="50" height="50" relative="1" as="geometry" />
        </mxCell>
        
        <!-- Service to Database -->
        <mxCell id="edge8" value="JDBC" style="endArrow=classic;html=1;rounded=0;strokeWidth=1;" edge="1" parent="1" source="user-svc" target="user-db">
          <mxGeometry width="50" height="50" relative="1" as="geometry" />
        </mxCell>
        
        <mxCell id="edge9" value="JDBC" style="endArrow=classic;html=1;rounded=0;strokeWidth=1;" edge="1" parent="1" source="admin-svc" target="admin-db">
          <mxGeometry width="50" height="50" relative="1" as="geometry" />
        </mxCell>
        
        <mxCell id="edge10" value="JDBC" style="endArrow=classic;html=1;rounded=0;strokeWidth=1;" edge="1" parent="1" source="booking-svc" target="booking-db">
          <mxGeometry width="50" height="50" relative="1" as="geometry" />
        </mxCell>
        
        <mxCell id="edge11" value="JDBC" style="endArrow=classic;html=1;rounded=0;strokeWidth=1;" edge="1" parent="1" source="payment-svc" target="payment-db">
          <mxGeometry width="50" height="50" relative="1" as="geometry" />
        </mxCell>
        
        <mxCell id="edge12" value="JDBC" style="endArrow=classic;html=1;rounded=0;strokeWidth=1;" edge="1" parent="1" source="notif-svc" target="notif-db">
          <mxGeometry width="50" height="50" relative="1" as="geometry" />
        </mxCell>
        
        <!-- Service to Redis -->
        <mxCell id="edge13" value="Cache" style="endArrow=classic;html=1;rounded=0;strokeWidth=1;dashed=1;strokeColor=#d79b00;" edge="1" parent="1" source="user-svc" target="redis">
          <mxGeometry width="50" height="50" relative="1" as="geometry" />
        </mxCell>
        
        <mxCell id="edge14" value="Cache" style="endArrow=classic;html=1;rounded=0;strokeWidth=1;dashed=1;strokeColor=#d79b00;" edge="1" parent="1" source="booking-svc" target="redis">
          <mxGeometry width="50" height="50" relative="1" as="geometry" />
        </mxCell>
        
        <mxCell id="edge15" value="Cache" style="endArrow=classic;html=1;rounded=0;strokeWidth=1;dashed=1;strokeColor=#d79b00;" edge="1" parent="1" source="payment-svc" target="redis">
          <mxGeometry width="50" height="50" relative="1" as="geometry" />
        </mxCell>
        
        <!-- Service to RabbitMQ -->
        <mxCell id="edge16" value="Events" style="endArrow=classic;html=1;rounded=0;strokeWidth=1;dashed=1;strokeColor=#666666;" edge="1" parent="1" source="booking-svc" target="rabbitmq">
          <mxGeometry width="50" height="50" relative="1" as="geometry" />
        </mxCell>
        
        <mxCell id="edge17" value="Events" style="endArrow=classic;html=1;rounded=0;strokeWidth=1;dashed=1;strokeColor=#666666;" edge="1" parent="1" source="payment-svc" target="rabbitmq">
          <mxGeometry width="50" height="50" relative="1" as="geometry" />
        </mxCell>
        
        <mxCell id="edge18" value="Events" style="endArrow=classic;html=1;rounded=0;strokeWidth=1;dashed=1;strokeColor=#666666;" edge="1" parent="1" source="notif-svc" target="rabbitmq">
          <mxGeometry width="50" height="50" relative="1" as="geometry" />
        </mxCell>
        
        <!-- Eureka Registration -->
        <mxCell id="edge19" value="Register" style="endArrow=classic;html=1;rounded=0;strokeWidth=1;dashed=1;strokeColor=#82b366;" edge="1" parent="1" source="user-svc" target="eureka">
          <mxGeometry width="50" height="50" relative="1" as="geometry" />
        </mxCell>
        
        <mxCell id="edge20" value="Register" style="endArrow=classic;html=1;rounded=0;strokeWidth=1;dashed=1;strokeColor=#82b366;" edge="1" parent="1" source="booking-svc" target="eureka">
          <mxGeometry width="50" height="50" relative="1" as="geometry" />
        </mxCell>
        
        <!-- Service to Service -->
        <mxCell id="edge21" value="REST" style="endArrow=classic;html=1;rounded=0;strokeWidth=1;dashed=1;strokeColor=#9673a6;" edge="1" parent="1" source="admin-svc" target="booking-svc">
          <mxGeometry width="50" height="50" relative="1" as="geometry" />
        </mxCell>
        
        <mxCell id="edge22" value="REST" style="endArrow=classic;html=1;rounded=0;strokeWidth=1;dashed=1;strokeColor=#9673a6;" edge="1" parent="1" source="admin-svc" target="payment-svc">
          <mxGeometry width="50" height="50" relative="1" as="geometry" />
        </mxCell>
        
        <mxCell id="edge23" value="REST" style="endArrow=classic;html=1;rounded=0;strokeWidth=1;dashed=1;strokeColor=#9673a6;" edge="1" parent="1" source="notif-svc" target="user-svc">
          <mxGeometry width="50" height="50" relative="1" as="geometry" />
        </mxCell>
        
      </root>
    </mxGraphModel>
  </diagram>
</mxfile>

