{
	"info": {
		"_postman_id": "vehicle-parking-management-v2",
		"name": "Vehicle Parking Management APIs - Complete",
		"description": "Complete API collection for Vehicle Parking Management System with all microservices. Updated with meaningful endpoint names and all current APIs.",
		"schema": "https://schema.getpostman.com/json/collection/v2.1.0/collection.json"
	},
	"item": [
		{
			"name": "User Service",
			"item": [
				{
					"name": "Authentication",
					"item": [
						{
							"name": "Register User",
							"request": {
								"method": "POST",
								"header": [
									{
										"key": "Content-Type",
										"value": "application/json"
									}
								],
								"body": {
									"mode": "raw",
									"raw": "{\n  \"fullName\": \"John Doe\",\n  \"email\": \"john.doe@example.com\",\n  \"password\": \"password123\"\n}"
								},
								"url": {
									"raw": "{{base_url}}/api/auth/register",
									"host": ["{{base_url}}"],
									"path": ["api", "auth", "register"]
								},
								"description": "Register a new user with default USER role"
							}
						},
						{
							"name": "Register Admin",
							"request": {
								"method": "POST",
								"header": [
									{
										"key": "Content-Type",
										"value": "application/json"
									}
								],
								"body": {
									"mode": "raw",
									"raw": "{\n  \"fullName\": \"Admin User\",\n  \"email\": \"admin@test.com\",\n  \"password\": \"password123\",\n  \"role\": \"ADMIN\"\n}"
								},
								"url": {
									"raw": "{{base_url}}/api/auth/register",
									"host": ["{{base_url}}"],
									"path": ["api", "auth", "register"]
								},
								"description": "Register a new user with ADMIN role"
							}
						},
						{
							"name": "Register Lot Manager",
							"request": {
								"method": "POST",
								"header": [
									{
										"key": "Content-Type",
										"value": "application/json"
									}
								],
								"body": {
									"mode": "raw",
									"raw": "{\n  \"fullName\": \"Lot Manager\",\n  \"email\": \"lotmanager@test.com\",\n  \"password\": \"password123\",\n  \"role\": \"LOT_MANAGER\"\n}"
								},
								"url": {
									"raw": "{{base_url}}/api/auth/register",
									"host": ["{{base_url}}"],
									"path": ["api", "auth", "register"]
								},
								"description": "Register a new user with LOT_MANAGER role"
							}
						},
						{
							"name": "Login User",
							"event": [
								{
									"listen": "test",
									"script": {
										"exec": [
											"if (pm.response.code === 200) {",
											"    var jsonData = pm.response.json();",
											"    if (jsonData.token) {",
											"        pm.collectionVariables.set(\"jwt_token\", jsonData.token);",
											"        pm.collectionVariables.set(\"admin_jwt_token\", jsonData.token);",
											"    }",
											"}"
										]
									}
								}
							],
							"request": {
								"method": "POST",
								"header": [
									{
										"key": "Content-Type",
										"value": "application/json"
									}
								],
								"body": {
									"mode": "raw",
									"raw": "{\n  \"email\": \"john.doe@example.com\",\n  \"password\": \"password123\"\n}"
								},
								"url": {
									"raw": "{{base_url}}/api/auth/login",
									"host": ["{{base_url}}"],
									"path": ["api", "auth", "login"]
								},
								"description": "Authenticate user and get JWT token. Token is automatically saved to collection variables."
							}
						},
						{
							"name": "Logout User",
							"request": {
								"method": "POST",
								"header": [
									{
										"key": "Authorization",
										"value": "Bearer {{jwt_token}}"
									}
								],
								"url": {
									"raw": "{{base_url}}/api/auth/logout",
									"host": ["{{base_url}}"],
									"path": ["api", "auth", "logout"]
								},
								"description": "Logout user and blacklist JWT token"
							}
						},
						{
							"name": "Change Password",
							"request": {
								"method": "POST",
								"header": [
									{
										"key": "Authorization",
										"value": "Bearer {{jwt_token}}"
									},
									{
										"key": "Content-Type",
										"value": "application/json"
									}
								],
								"body": {
									"mode": "raw",
									"raw": "{\n  \"oldPassword\": \"password123\",\n  \"newPassword\": \"newpassword123\"\n}"
								},
								"url": {
									"raw": "{{base_url}}/api/auth/change-password",
									"host": ["{{base_url}}"],
									"path": ["api", "auth", "change-password"]
								}
							}
						},
						{
							"name": "Request Password Reset",
							"request": {
								"method": "POST",
								"header": [
									{
										"key": "Content-Type",
										"value": "application/json"
									}
								],
								"body": {
									"mode": "raw",
									"raw": "{\n  \"email\": \"john.doe@example.com\"\n}"
								},
								"url": {
									"raw": "{{base_url}}/api/auth/forgot-password",
									"host": ["{{base_url}}"],
									"path": ["api", "auth", "forgot-password"]
								},
								"description": "Request password reset token"
							}
						},
						{
							"name": "Reset Password",
							"request": {
								"method": "POST",
								"header": [
									{
										"key": "Content-Type",
										"value": "application/json"
									}
								],
								"body": {
									"mode": "raw",
									"raw": "{\n  \"token\": \"reset-token-here\",\n  \"newPassword\": \"newpassword123\"\n}"
								},
								"url": {
									"raw": "{{base_url}}/api/auth/reset-password",
									"host": ["{{base_url}}"],
									"path": ["api", "auth", "reset-password"]
								},
								"description": "Reset password using token from forgot-password"
							}
						}
					]
				},
				{
					"name": "Profile Management",
					"item": [
						{
							"name": "Get My Profile",
							"request": {
								"method": "GET",
								"header": [
									{
										"key": "Authorization",
										"value": "Bearer {{jwt_token}}"
									}
								],
								"url": {
									"raw": "{{base_url}}/api/users/profile",
									"host": ["{{base_url}}"],
									"path": ["api", "users", "profile"]
								},
								"description": "Get current user's profile"
							}
						},
						{
							"name": "Update My Profile",
							"request": {
								"method": "PUT",
								"header": [
									{
										"key": "Authorization",
										"value": "Bearer {{jwt_token}}"
									},
									{
										"key": "Content-Type",
										"value": "application/json"
									}
								],
								"body": {
									"mode": "raw",
									"raw": "{\n  \"fullName\": \"John Smith\",\n  \"email\": \"john.smith@example.com\"\n}"
								},
								"url": {
									"raw": "{{base_url}}/api/users/profile",
									"host": ["{{base_url}}"],
									"path": ["api", "users", "profile"]
								},
								"description": "Update current user's profile"
							}
						},
						{
							"name": "Test User Role Access",
							"request": {
								"method": "GET",
								"header": [
									{
										"key": "Authorization",
										"value": "Bearer {{jwt_token}}"
									}
								],
								"url": {
									"raw": "{{base_url}}/api/users/test-role",
									"host": ["{{base_url}}"],
									"path": ["api", "users", "test-role"]
								},
								"description": "Test endpoint - requires USER role"
							}
						},
						{
							"name": "Get User Email by ID (Admin/Internal)",
							"request": {
								"method": "GET",
								"header": [
									{
										"key": "Authorization",
										"value": "Bearer {{admin_jwt_token}}"
									}
								],
								"url": {
									"raw": "{{base_url}}/api/users/internal/{{user_id}}/email",
									"host": ["{{base_url}}"],
									"path": ["api", "users", "internal", "{{user_id}}", "email"]
								},
								"description": "Internal endpoint for service-to-service communication. Requires ADMIN role."
							}
						}
					]
				}
			]
		},
		{
			"name": "Admin Service",
			"item": [
				{
					"name": "Parking Lot Management",
					"item": [
						{
							"name": "Get All Parking Lots",
							"request": {
								"method": "GET",
								"header": [
									{
										"key": "Authorization",
										"value": "Bearer {{admin_jwt_token}}"
									}
								],
								"url": {
									"raw": "{{base_url}}/api/lots",
									"host": ["{{base_url}}"],
									"path": ["api", "lots"]
								},
								"description": "Get all parking lots. Requires ADMIN or LOT_MANAGER role."
							}
						},
						{
							"name": "Create Parking Lot",
							"request": {
								"method": "POST",
								"header": [
									{
										"key": "Authorization",
										"value": "Bearer {{admin_jwt_token}}"
									},
									{
										"key": "Content-Type",
										"value": "application/json"
									}
								],
								"body": {
									"mode": "raw",
									"raw": "{\n  \"name\": \"Downtown Parking\",\n  \"address\": \"123 Main St, City\"\n}"
								},
								"url": {
									"raw": "{{base_url}}/api/lots",
									"host": ["{{base_url}}"],
									"path": ["api", "lots"]
								},
								"description": "Create a new parking lot. Requires ADMIN role."
							}
						},
						{
							"name": "Update Parking Lot",
							"request": {
								"method": "PUT",
								"header": [
									{
										"key": "Authorization",
										"value": "Bearer {{admin_jwt_token}}"
									},
									{
										"key": "Content-Type",
										"value": "application/json"
									}
								],
								"body": {
									"mode": "raw",
									"raw": "{\n  \"name\": \"Updated Downtown Parking\",\n  \"address\": \"456 Updated St, City\"\n}"
								},
								"url": {
									"raw": "{{base_url}}/api/lots/{{lot_id}}",
									"host": ["{{base_url}}"],
									"path": ["api", "lots", "{{lot_id}}"]
								},
								"description": "Update parking lot details. Requires ADMIN role."
							}
						},
						{
							"name": "Delete Parking Lot",
							"request": {
								"method": "DELETE",
								"header": [
									{
										"key": "Authorization",
										"value": "Bearer {{admin_jwt_token}}"
									}
								],
								"url": {
									"raw": "{{base_url}}/api/lots/{{lot_id}}",
									"host": ["{{base_url}}"],
									"path": ["api", "lots", "{{lot_id}}"]
								},
								"description": "Delete a parking lot. Requires ADMIN role."
							}
						}
					]
				},
				{
					"name": "Parking Spot Management",
					"item": [
						{
							"name": "Get All Spots for Lot",
							"request": {
								"method": "GET",
								"header": [
									{
										"key": "Authorization",
										"value": "Bearer {{admin_jwt_token}}"
									}
								],
								"url": {
									"raw": "{{base_url}}/api/lots/{{lot_id}}/spots",
									"host": ["{{base_url}}"],
									"path": ["api", "lots", "{{lot_id}}", "spots"]
								},
								"description": "Get all spots for a parking lot. Requires ADMIN or LOT_MANAGER role."
							}
						},
						{
							"name": "Get Available Spots for Lot",
							"request": {
								"method": "GET",
								"header": [
									{
										"key": "Authorization",
										"value": "Bearer {{admin_jwt_token}}"
									}
								],
								"url": {
									"raw": "{{base_url}}/api/lots/{{lot_id}}/spots/available",
									"host": ["{{base_url}}"],
									"path": ["api", "lots", "{{lot_id}}", "spots", "available"]
								},
								"description": "Get only available spots for a parking lot. Requires ADMIN or LOT_MANAGER role."
							}
						},
						{
							"name": "Add Spot to Lot",
							"request": {
								"method": "POST",
								"header": [
									{
										"key": "Authorization",
										"value": "Bearer {{admin_jwt_token}}"
									},
									{
										"key": "Content-Type",
										"value": "application/json"
									}
								],
								"body": {
									"mode": "raw",
									"raw": "{\n  \"code\": \"A-01\",\n  \"available\": true\n}"
								},
								"url": {
									"raw": "{{base_url}}/api/lots/{{lot_id}}/spots",
									"host": ["{{base_url}}"],
									"path": ["api", "lots", "{{lot_id}}", "spots"]
								},
								"description": "Add a parking spot to a lot. Requires ADMIN or LOT_MANAGER role."
							}
						},
						{
							"name": "Update Spot",
							"request": {
								"method": "PUT",
								"header": [
									{
										"key": "Authorization",
										"value": "Bearer {{admin_jwt_token}}"
									},
									{
										"key": "Content-Type",
										"value": "application/json"
									}
								],
								"body": {
									"mode": "raw",
									"raw": "{\n  \"code\": \"A-01-UPDATED\",\n  \"available\": false\n}"
								},
								"url": {
									"raw": "{{base_url}}/api/lots/{{lot_id}}/spots/{{spot_id}}",
									"host": ["{{base_url}}"],
									"path": ["api", "lots", "{{lot_id}}", "spots", "{{spot_id}}"]
								},
								"description": "Update parking spot details. Requires ADMIN or LOT_MANAGER role."
							}
						},
						{
							"name": "Delete Spot",
							"request": {
								"method": "DELETE",
								"header": [
									{
										"key": "Authorization",
										"value": "Bearer {{admin_jwt_token}}"
									}
								],
								"url": {
									"raw": "{{base_url}}/api/lots/{{lot_id}}/spots/{{spot_id}}",
									"host": ["{{base_url}}"],
									"path": ["api", "lots", "{{lot_id}}", "spots", "{{spot_id}}"]
								},
								"description": "Delete a parking spot. Requires ADMIN role."
							}
						}
					]
				},
				{
					"name": "Admin Dashboard & Reports",
					"item": [
						{
							"name": "Get Dashboard Stats",
							"request": {
								"method": "GET",
								"header": [
									{
										"key": "Authorization",
										"value": "Bearer {{admin_jwt_token}}"
									}
								],
								"url": {
									"raw": "{{base_url}}/api/admin/dashboard/stats",
									"host": ["{{base_url}}"],
									"path": ["api", "admin", "dashboard", "stats"]
								},
								"description": "Get dashboard statistics with real data from all services. Requires ADMIN role."
							}
						},
						{
							"name": "Get Booking History",
							"request": {
								"method": "GET",
								"header": [
									{
										"key": "Authorization",
										"value": "Bearer {{admin_jwt_token}}"
									}
								],
								"url": {
									"raw": "{{base_url}}/api/admin/bookings/history?lotId=&status=&fromDate=&toDate=",
									"host": ["{{base_url}}"],
									"path": ["api", "admin", "bookings", "history"],
									"query": [
										{
											"key": "lotId",
											"value": "",
											"description": "Filter by lot ID (optional)"
										},
										{
											"key": "status",
											"value": "",
											"description": "Filter by status: CREATED, CONFIRMED, CANCELLED (optional)"
										},
										{
											"key": "fromDate",
											"value": "",
											"description": "Start date (optional)"
										},
										{
											"key": "toDate",
											"value": "",
											"description": "End date (optional)"
										}
									]
								},
								"description": "Get booking history with filters. Requires ADMIN role. Uses real data from booking service."
							}
						},
						{
							"name": "Get Transaction Logs",
							"request": {
								"method": "GET",
								"header": [
									{
										"key": "Authorization",
										"value": "Bearer {{admin_jwt_token}}"
									}
								],
								"url": {
									"raw": "{{base_url}}/api/admin/transactions/logs?userId=&status=&fromDate=&toDate=",
									"host": ["{{base_url}}"],
									"path": ["api", "admin", "transactions", "logs"],
									"query": [
										{
											"key": "userId",
											"value": "",
											"description": "Filter by user ID (optional)"
										},
										{
											"key": "status",
											"value": "",
											"description": "Filter by status: PENDING, COMPLETED, FAILED (optional)"
										},
										{
											"key": "fromDate",
											"value": "",
											"description": "Start date (optional)"
										},
										{
											"key": "toDate",
											"value": "",
											"description": "End date (optional)"
										}
									]
								},
								"description": "Get transaction logs with filters. Requires ADMIN role. Uses real data from payment service."
							}
						},
						{
							"name": "Get Occupancy Report",
							"request": {
								"method": "GET",
								"header": [
									{
										"key": "Authorization",
										"value": "Bearer {{admin_jwt_token}}"
									}
								],
								"url": {
									"raw": "{{base_url}}/api/admin/reports/occupancy?period=daily",
									"host": ["{{base_url}}"],
									"path": ["api", "admin", "reports", "occupancy"],
									"query": [
										{
											"key": "period",
											"value": "daily",
											"description": "Report period: daily, weekly, monthly"
										}
									]
								},
								"description": "Get occupancy report with real data. Requires ADMIN or LOT_MANAGER role."
							}
						},
						{
							"name": "Get Revenue Report",
							"request": {
								"method": "GET",
								"header": [
									{
										"key": "Authorization",
										"value": "Bearer {{admin_jwt_token}}"
									}
								],
								"url": {
									"raw": "{{base_url}}/api/admin/reports/revenue?period=monthly",
									"host": ["{{base_url}}"],
									"path": ["api", "admin", "reports", "revenue"],
									"query": [
										{
											"key": "period",
											"value": "monthly",
											"description": "Report period: daily, weekly, monthly"
										}
									]
								},
								"description": "Get revenue report with real data. Requires ADMIN role."
							}
						}
					]
				}
			]
		},
		{
			"name": "Booking Service",
			"item": [
				{
					"name": "Booking Management",
					"item": [
						{
							"name": "Get My Bookings",
							"request": {
								"method": "GET",
								"header": [
									{
										"key": "Authorization",
										"value": "Bearer {{jwt_token}}"
									}
								],
								"url": {
									"raw": "{{base_url}}/api/bookings",
									"host": ["{{base_url}}"],
									"path": ["api", "bookings"]
								},
								"description": "Get all bookings for the authenticated user"
							}
						},
						{
							"name": "Get Booking by ID",
							"request": {
								"method": "GET",
								"header": [
									{
										"key": "Authorization",
										"value": "Bearer {{jwt_token}}"
									}
								],
								"url": {
									"raw": "{{base_url}}/api/bookings/{{booking_id}}",
									"host": ["{{base_url}}"],
									"path": ["api", "bookings", "{{booking_id}}"]
								},
								"description": "Get a specific booking by ID"
							}
						},
						{
							"name": "Create Booking",
							"event": [
								{
									"listen": "test",
									"script": {
										"exec": [
											"if (pm.response.code === 200 || pm.response.code === 202) {",
											"    var jsonData = pm.response.json();",
											"    if (jsonData.id) {",
											"        pm.collectionVariables.set(\"booking_id\", jsonData.id);",
											"    } else if (jsonData.waitlistId) {",
											"        pm.collectionVariables.set(\"waitlist_id\", jsonData.waitlistId);",
											"    }",
											"}"
										]
									}
								}
							],
							"request": {
								"method": "POST",
								"header": [
									{
										"key": "Authorization",
										"value": "Bearer {{jwt_token}}"
									},
									{
										"key": "Content-Type",
										"value": "application/json"
									}
								],
								"body": {
									"mode": "raw",
									"raw": "{\n  \"lotId\": 1,\n  \"spotId\": 1,\n  \"startTime\": \"2025-12-01T10:00:00\",\n  \"endTime\": \"2025-12-01T18:00:00\"\n}"
								},
								"url": {
									"raw": "{{base_url}}/api/bookings",
									"host": ["{{base_url}}"],
									"path": ["api", "bookings"]
								},
								"description": "Create a new booking. Returns booking if available, or adds to waitlist if spot is occupied. Booking ID is automatically saved to collection variables."
							}
						},
						{
							"name": "Update Booking",
							"request": {
								"method": "PUT",
								"header": [
									{
										"key": "Authorization",
										"value": "Bearer {{jwt_token}}"
									},
									{
										"key": "Content-Type",
										"value": "application/json"
									}
								],
								"body": {
									"mode": "raw",
									"raw": "{\n  \"spotId\": 2,\n  \"startTime\": \"2025-12-01T11:00:00\",\n  \"endTime\": \"2025-12-01T19:00:00\"\n}"
								},
								"url": {
									"raw": "{{base_url}}/api/bookings/{{booking_id}}",
									"host": ["{{base_url}}"],
									"path": ["api", "bookings", "{{booking_id}}"]
								},
								"description": "Update booking details. Only CREATED bookings can be updated."
							}
						},
						{
							"name": "Cancel Booking",
							"request": {
								"method": "DELETE",
								"header": [
									{
										"key": "Authorization",
										"value": "Bearer {{jwt_token}}"
									}
								],
								"url": {
									"raw": "{{base_url}}/api/bookings/{{booking_id}}",
									"host": ["{{base_url}}"],
									"path": ["api", "bookings", "{{booking_id}}"]
								},
								"description": "Cancel a booking. Processes cancellation asynchronously and processes waitlist."
							}
						},
						{
							"name": "Get Past Bookings",
							"request": {
								"method": "GET",
								"header": [
									{
										"key": "Authorization",
										"value": "Bearer {{jwt_token}}"
									}
								],
								"url": {
									"raw": "{{base_url}}/api/bookings/past",
									"host": ["{{base_url}}"],
									"path": ["api", "bookings", "past"]
								},
								"description": "Get all past bookings for the authenticated user"
							}
						},
						{
							"name": "Get Future Bookings",
							"request": {
								"method": "GET",
								"header": [
									{
										"key": "Authorization",
										"value": "Bearer {{jwt_token}}"
									}
								],
								"url": {
									"raw": "{{base_url}}/api/bookings/future",
									"host": ["{{base_url}}"],
									"path": ["api", "bookings", "future"]
								},
								"description": "Get all future bookings for the authenticated user"
							}
						},
						{
							"name": "Get Upcoming Bookings (Admin/Internal)",
							"request": {
								"method": "GET",
								"header": [
									{
										"key": "Authorization",
										"value": "Bearer {{admin_jwt_token}}"
									}
								],
								"url": {
									"raw": "{{base_url}}/api/bookings/internal/upcoming?hours=24",
									"host": ["{{base_url}}"],
									"path": ["api", "bookings", "internal", "upcoming"],
									"query": [
										{
											"key": "hours",
											"value": "24",
											"description": "Number of hours to look ahead"
										}
									]
								},
								"description": "Get upcoming bookings within specified hours. Internal endpoint for service-to-service communication. Requires ADMIN or LOT_MANAGER role."
							}
						}
					]
				},
				{
					"name": "Waitlist Management",
					"item": [
						{
							"name": "Get My Waitlist Entries",
							"request": {
								"method": "GET",
								"header": [
									{
										"key": "Authorization",
										"value": "Bearer {{jwt_token}}"
									}
								],
								"url": {
									"raw": "{{base_url}}/api/bookings/waitlist",
									"host": ["{{base_url}}"],
									"path": ["api", "bookings", "waitlist"]
								},
								"description": "Get all pending waitlist entries for the authenticated user"
							}
						},
						{
							"name": "Add to Waitlist",
							"event": [
								{
									"listen": "test",
									"script": {
										"exec": [
											"if (pm.response.code === 200) {",
											"    var jsonData = pm.response.json();",
											"    if (jsonData.waitlistId) {",
											"        pm.collectionVariables.set(\"waitlist_id\", jsonData.waitlistId);",
											"    }",
											"}"
										]
									}
								}
							],
							"request": {
								"method": "POST",
								"header": [
									{
										"key": "Authorization",
										"value": "Bearer {{jwt_token}}"
									},
									{
										"key": "Content-Type",
										"value": "application/json"
									}
								],
								"body": {
									"mode": "raw",
									"raw": "{\n  \"lotId\": 1,\n  \"spotId\": 1,\n  \"startTime\": \"2025-12-01T10:00:00\",\n  \"endTime\": \"2025-12-01T18:00:00\"\n}"
								},
								"url": {
									"raw": "{{base_url}}/api/bookings/waitlist",
									"host": ["{{base_url}}"],
									"path": ["api", "bookings", "waitlist"]
								},
								"description": "Add a booking request to waitlist. Waitlist ID is automatically saved to collection variables."
							}
						},
						{
							"name": "Cancel Waitlist Entry",
							"request": {
								"method": "DELETE",
								"header": [
									{
										"key": "Authorization",
										"value": "Bearer {{jwt_token}}"
									}
								],
								"url": {
									"raw": "{{base_url}}/api/bookings/waitlist/{{waitlist_id}}",
									"host": ["{{base_url}}"],
									"path": ["api", "bookings", "waitlist", "{{waitlist_id}}"]
								},
								"description": "Cancel a waitlist entry"
							}
						}
					]
				}
			]
		},
		{
			"name": "Payment Service",
			"item": [
				{
					"name": "Payment Management",
					"item": [
						{
							"name": "Get My Payments",
							"request": {
								"method": "GET",
								"header": [
									{
										"key": "Authorization",
										"value": "Bearer {{jwt_token}}"
									}
								],
								"url": {
									"raw": "{{base_url}}/api/payments",
									"host": ["{{base_url}}"],
									"path": ["api", "payments"]
								},
								"description": "Get all payments for the authenticated user. Results are cached in Redis."
							}
						},
						{
							"name": "Initiate Payment",
							"event": [
								{
									"listen": "test",
									"script": {
										"exec": [
											"if (pm.response.code === 200) {",
											"    var jsonData = pm.response.json();",
											"    if (jsonData.id) {",
											"        pm.collectionVariables.set(\"payment_id\", jsonData.id);",
											"    }",
											"}"
										]
									}
								}
							],
							"request": {
								"method": "POST",
								"header": [
									{
										"key": "Authorization",
										"value": "Bearer {{jwt_token}}"
									},
									{
										"key": "Content-Type",
										"value": "application/json"
									}
								],
								"body": {
									"mode": "raw",
									"raw": "{\n  \"bookingId\": \"{{booking_id}}\",\n  \"amount\": 50.00\n}"
								},
								"url": {
									"raw": "{{base_url}}/api/payments",
									"host": ["{{base_url}}"],
									"path": ["api", "payments"]
								},
								"description": "Initiate a payment for a booking. Payment ID is automatically saved to collection variables."
							}
						},
						{
							"name": "Confirm Payment",
							"request": {
								"method": "POST",
								"header": [
									{
										"key": "Authorization",
										"value": "Bearer {{jwt_token}}"
									}
								],
								"url": {
									"raw": "{{base_url}}/api/payments/{{payment_id}}/confirm",
									"host": ["{{base_url}}"],
									"path": ["api", "payments", "{{payment_id}}", "confirm"]
								},
								"description": "Confirm a payment. Processing happens asynchronously."
							}
						},
						{
							"name": "Fail Payment",
							"request": {
								"method": "POST",
								"header": [
									{
										"key": "Authorization",
										"value": "Bearer {{jwt_token}}"
									}
								],
								"url": {
									"raw": "{{base_url}}/api/payments/{{payment_id}}/fail?reason=Insufficient+funds",
									"host": ["{{base_url}}"],
									"path": ["api", "payments", "{{payment_id}}", "fail"],
									"query": [
										{
											"key": "reason",
											"value": "Insufficient funds",
											"description": "Reason for payment failure (optional)"
										}
									]
								},
								"description": "Mark a payment as failed. This will trigger booking cancellation automatically via RabbitMQ event."
							}
						},
						{
							"name": "Get Payments by Booking",
							"request": {
								"method": "GET",
								"header": [
									{
										"key": "Authorization",
										"value": "Bearer {{jwt_token}}"
									}
								],
								"url": {
									"raw": "{{base_url}}/api/payments/booking/{{booking_id}}",
									"host": ["{{base_url}}"],
									"path": ["api", "payments", "booking", "{{booking_id}}"]
								},
								"description": "Get all payments for a specific booking. Results are cached in Redis."
							}
						},
						{
							"name": "Get Payments by Status",
							"request": {
								"method": "GET",
								"header": [
									{
										"key": "Authorization",
										"value": "Bearer {{jwt_token}}"
									}
								],
								"url": {
									"raw": "{{base_url}}/api/payments/status/{{status}}",
									"host": ["{{base_url}}"],
									"path": ["api", "payments", "status", "{{status}}"]
								},
								"description": "Get payments by status (PENDING, COMPLETED, FAILED). Results are cached in Redis."
							}
						},
						{
							"name": "Get Payments by Date Range",
							"request": {
								"method": "GET",
								"header": [
									{
										"key": "Authorization",
										"value": "Bearer {{jwt_token}}"
									}
								],
								"url": {
									"raw": "{{base_url}}/api/payments/date-range?from=2025-11-01T00:00:00&to=2025-11-30T23:59:59",
									"host": ["{{base_url}}"],
									"path": ["api", "payments", "date-range"],
									"query": [
										{
											"key": "from",
											"value": "2025-11-01T00:00:00",
											"description": "Start date/time (ISO format)"
										},
										{
											"key": "to",
											"value": "2025-11-30T23:59:59",
											"description": "End date/time (ISO format)"
										}
									]
								},
								"description": "Get payments within a date range. Results are cached in Redis for 10 minutes."
							}
						}
					]
				},
				{
					"name": "Admin Payment Queries",
					"item": [
						{
							"name": "Get All Payments (Admin)",
							"request": {
								"method": "GET",
								"header": [
									{
										"key": "Authorization",
										"value": "Bearer {{admin_jwt_token}}"
									}
								],
								"url": {
									"raw": "{{base_url}}/api/payments/admin/all",
									"host": ["{{base_url}}"],
									"path": ["api", "payments", "admin", "all"]
								},
								"description": "Get all payments in the system. Requires ADMIN role."
							}
						},
						{
							"name": "Get Payments by User ID (Admin)",
							"request": {
								"method": "GET",
								"header": [
									{
										"key": "Authorization",
										"value": "Bearer {{admin_jwt_token}}"
									}
								],
								"url": {
									"raw": "{{base_url}}/api/payments/admin/user/{{user_id}}",
									"host": ["{{base_url}}"],
									"path": ["api", "payments", "admin", "user", "{{user_id}}"]
								},
								"description": "Get all payments for a specific user. Requires ADMIN role."
							}
						},
						{
							"name": "Get Payments by Status (Admin)",
							"request": {
								"method": "GET",
								"header": [
									{
										"key": "Authorization",
										"value": "Bearer {{admin_jwt_token}}"
									}
								],
								"url": {
									"raw": "{{base_url}}/api/payments/admin/status/{{status}}",
									"host": ["{{base_url}}"],
									"path": ["api", "payments", "admin", "status", "{{status}}"]
								},
								"description": "Get payments by status. Requires ADMIN role."
							}
						},
						{
							"name": "Clear Payment Cache (Admin)",
							"request": {
								"method": "POST",
								"header": [
									{
										"key": "Authorization",
										"value": "Bearer {{admin_jwt_token}}"
									}
								],
								"url": {
									"raw": "{{base_url}}/api/payments/admin/cache/clear",
									"host": ["{{base_url}}"],
									"path": ["api", "payments", "admin", "cache", "clear"]
								},
								"description": "Clear all payment-related cache entries in Redis. Requires ADMIN role."
							}
						},
						{
							"name": "Get Pending Payments Older Than (Internal)",
							"request": {
								"method": "GET",
								"header": [
									{
										"key": "Authorization",
										"value": "Bearer {{admin_jwt_token}}"
									}
								],
								"url": {
									"raw": "{{base_url}}/api/payments/internal/pending?olderThanHours=1",
									"host": ["{{base_url}}"],
									"path": ["api", "payments", "internal", "pending"],
									"query": [
										{
											"key": "olderThanHours",
											"value": "1",
											"description": "Number of hours"
										}
									]
								},
								"description": "Get pending payments older than specified hours. Internal endpoint for scheduled jobs. Requires ADMIN role."
							}
						}
					]
				}
			]
		},
		{
			"name": "Notification Service",
			"item": [
				{
					"name": "Notification Management",
					"item": [
						{
							"name": "Get Service Status",
							"request": {
								"method": "GET",
								"header": [
									{
										"key": "Authorization",
										"value": "Bearer {{admin_jwt_token}}"
									}
								],
								"url": {
									"raw": "{{base_url}}/api/notifications/status",
									"host": ["{{base_url}}"],
									"path": ["api", "notifications", "status"]
								},
								"description": "Get notification service status and feature information. Requires authentication."
							}
						},
						{
							"name": "Send Email Notification",
							"request": {
								"method": "POST",
								"header": [
									{
										"key": "Authorization",
										"value": "Bearer {{admin_jwt_token}}"
									},
									{
										"key": "Content-Type",
										"value": "application/json"
									}
								],
								"body": {
									"mode": "raw",
									"raw": "{\n  \"to\": \"test@example.com\",\n  \"subject\": \"Test Notification\",\n  \"body\": \"This is a test email notification from the Vehicle Parking Management System.\"\n}"
								},
								"url": {
									"raw": "{{base_url}}/api/notifications/email",
									"host": ["{{base_url}}"],
									"path": ["api", "notifications", "email"]
								},
								"description": "Send an email notification. Requires authentication."
							}
						}
					]
				}
			]
		},
		{
			"name": "Service Health Checks",
			"item": [
				{
					"name": "User Service Health",
					"request": {
						"method": "GET",
						"url": {
							"raw": "http://localhost:8081/actuator/health",
							"protocol": "http",
							"host": ["localhost"],
							"port": "8081",
							"path": ["actuator", "health"]
						},
						"description": "Check User Service health status"
					}
				},
				{
					"name": "Admin Service Health",
					"request": {
						"method": "GET",
						"url": {
							"raw": "http://localhost:8082/actuator/health",
							"protocol": "http",
							"host": ["localhost"],
							"port": "8082",
							"path": ["actuator", "health"]
						},
						"description": "Check Admin Service health status"
					}
				},
				{
					"name": "Booking Service Health",
					"request": {
						"method": "GET",
						"url": {
							"raw": "http://localhost:8083/actuator/health",
							"protocol": "http",
							"host": ["localhost"],
							"port": "8083",
							"path": ["actuator", "health"]
						},
						"description": "Check Booking Service health status"
					}
				},
				{
					"name": "Payment Service Health",
					"request": {
						"method": "GET",
						"url": {
							"raw": "http://localhost:8084/actuator/health",
							"protocol": "http",
							"host": ["localhost"],
							"port": "8084",
							"path": ["actuator", "health"]
						},
						"description": "Check Payment Service health status"
					}
				},
				{
					"name": "Notification Service Health",
					"request": {
						"method": "GET",
						"url": {
							"raw": "http://localhost:8085/actuator/health",
							"protocol": "http",
							"host": ["localhost"],
							"port": "8085",
							"path": ["actuator", "health"]
						},
						"description": "Check Notification Service health status"
					}
				},
				{
					"name": "API Gateway Health",
					"request": {
						"method": "GET",
						"url": {
							"raw": "http://localhost:8080/actuator/health",
							"protocol": "http",
							"host": ["localhost"],
							"port": "8080",
							"path": ["actuator", "health"]
						},
						"description": "Check API Gateway health status"
					}
				},
				{
					"name": "Eureka Dashboard",
					"request": {
						"method": "GET",
						"url": {
							"raw": "http://localhost:8761",
							"protocol": "http",
							"host": ["localhost"],
							"port": "8761"
						},
						"description": "Access Eureka Service Discovery dashboard"
					}
				}
			]
		}
	],
	"variable": [
		{
			"key": "base_url",
			"value": "http://localhost:8080",
			"type": "string",
			"description": "Base URL - Use API Gateway (8080) for all requests, or use direct service ports (8081-8085)"
		},
		{
			"key": "jwt_token",
			"value": "",
			"type": "string",
			"description": "JWT token for regular user authentication. Auto-populated after login."
		},
		{
			"key": "admin_jwt_token",
			"value": "",
			"type": "string",
			"description": "JWT token for admin user authentication. Auto-populated after admin login."
		},
		{
			"key": "booking_id",
			"value": "",
			"type": "string",
			"description": "Booking ID for testing. Auto-populated when creating bookings."
		},
		{
			"key": "payment_id",
			"value": "",
			"type": "string",
			"description": "Payment ID for testing. Auto-populated when creating payments."
		},
		{
			"key": "waitlist_id",
			"value": "",
			"type": "string",
			"description": "Waitlist ID for testing. Auto-populated when adding to waitlist."
		},
		{
			"key": "user_id",
			"value": "",
			"type": "string",
			"description": "User ID for testing"
		},
		{
			"key": "lot_id",
			"value": "",
			"type": "string",
			"description": "Parking Lot ID for testing"
		},
		{
			"key": "spot_id",
			"value": "",
			"type": "string",
			"description": "Parking Spot ID for testing"
		},
		{
			"key": "status",
			"value": "PENDING",
			"type": "string",
			"description": "Payment status filter: PENDING, COMPLETED, FAILED"
		}
	]
}
