{
	"info": {
		"_postman_id": "vehicle-parking-management",
		"name": "Vehicle Parking Management APIs",
		"description": "Complete API collection for Vehicle Parking Management System with all microservices",
		"schema": "https://schema.getpostman.com/json/collection/v2.1.0/collection.json"
	},
	"item": [
		{
			"name": "User Service (Port 8081)",
			"item": [
				{
					"name": "Authentication",
					"item": [
						{
							"name": "Register User (Default Role)",
							"request": {
								"method": "POST",
								"header": [
									{
										"key": "Content-Type",
										"value": "application/json"
									}
								],
								"body": {
									"mode": "raw",
									"raw": "{\n  \"fullName\": \"John Doe\",\n  \"email\": \"john.doe@example.com\",\n  \"password\": \"password123\"\n}"
								},
								"url": {
									"raw": "http://localhost:8081/api/auth/register",
									"protocol": "http",
									"host": [
										"localhost"
									],
									"port": "8081",
									"path": [
										"api",
										"auth",
										"register"
									]
								}
							}
						},
						{
							"name": "Register Admin User",
							"request": {
								"method": "POST",
								"header": [
									{
										"key": "Content-Type",
										"value": "application/json"
									}
								],
								"body": {
									"mode": "raw",
									"raw": "{\n  \"fullName\": \"Admin User\",\n  \"email\": \"admin@test.com\",\n  \"password\": \"password123\",\n  \"role\": \"ADMIN\"\n}"
								},
								"url": {
									"raw": "http://localhost:8081/api/auth/register",
									"protocol": "http",
									"host": [
										"localhost"
									],
									"port": "8081",
									"path": [
										"api",
										"auth",
										"register"
									]
								}
							}
						},
						{
							"name": "Register Lot Manager",
							"request": {
								"method": "POST",
								"header": [
									{
										"key": "Content-Type",
										"value": "application/json"
									}
								],
								"body": {
									"mode": "raw",
									"raw": "{\n  \"fullName\": \"Lot Manager\",\n  \"email\": \"lotmanager@test.com\",\n  \"password\": \"password123\",\n  \"role\": \"LOT_MANAGER\"\n}"
								},
								"url": {
									"raw": "http://localhost:8081/api/auth/register",
									"protocol": "http",
									"host": [
										"localhost"
									],
									"port": "8081",
									"path": [
										"api",
										"auth",
										"register"
									]
								}
							}
						},
						{
							"name": "Login User",
							"request": {
								"method": "POST",
								"header": [
									{
										"key": "Content-Type",
										"value": "application/json"
									}
								],
								"body": {
									"mode": "raw",
									"raw": "{\n  \"email\": \"john.doe@example.com\",\n  \"password\": \"password123\"\n}"
								},
								"url": {
									"raw": "http://localhost:8081/api/auth/login",
									"protocol": "http",
									"host": [
										"localhost"
									],
									"port": "8081",
									"path": [
										"api",
										"auth",
										"login"
									]
								}
							}
						},
						{
							"name": "Logout User",
							"request": {
								"method": "POST",
								"header": [
									{
										"key": "Authorization",
										"value": "Bearer {{jwt_token}}"
									}
								],
								"url": {
									"raw": "http://localhost:8081/api/auth/logout",
									"protocol": "http",
									"host": [
										"localhost"
									],
									"port": "8081",
									"path": [
										"api",
										"auth",
										"logout"
									]
								}
							}
						},
						{
							"name": "Change Password",
							"request": {
								"method": "POST",
								"header": [
									{
										"key": "Authorization",
										"value": "Bearer {{jwt_token}}"
									},
									{
										"key": "Content-Type",
										"value": "application/json"
									}
								],
								"body": {
									"mode": "raw",
									"raw": "{\n  \"oldPassword\": \"password123\",\n  \"newPassword\": \"newpassword123\"\n}"
								},
								"url": {
									"raw": "http://localhost:8081/api/auth/change-password",
									"protocol": "http",
									"host": [
										"localhost"
									],
									"port": "8081",
									"path": [
										"api",
										"auth",
										"change-password"
									]
								}
							}
						},
						{
							"name": "Forgot Password",
							"request": {
								"method": "POST",
								"header": [
									{
										"key": "Content-Type",
										"value": "application/json"
									}
								],
								"body": {
									"mode": "raw",
									"raw": "{\n  \"email\": \"john.doe@example.com\"\n}"
								},
								"url": {
									"raw": "http://localhost:8081/api/auth/forgot-password",
									"protocol": "http",
									"host": [
										"localhost"
									],
									"port": "8081",
									"path": [
										"api",
										"auth",
										"forgot-password"
									]
								}
							}
						},
						{
							"name": "Reset Password",
							"request": {
								"method": "POST",
								"header": [
									{
										"key": "Content-Type",
										"value": "application/json"
									}
								],
								"body": {
									"mode": "raw",
									"raw": "{\n  \"token\": \"reset-token-here\",\n  \"newPassword\": \"newpassword123\"\n}"
								},
								"url": {
									"raw": "http://localhost:8081/api/auth/reset-password",
									"protocol": "http",
									"host": [
										"localhost"
									],
									"port": "8081",
									"path": [
										"api",
										"auth",
										"reset-password"
									]
								}
							}
						}
					]
				},
				{
					"name": "Profile Management",
					"item": [
						{
							"name": "Test USER Role Access",
							"request": {
								"method": "GET",
								"header": [
									{
										"key": "Authorization",
										"value": "Bearer {{user_jwt_token}}"
									}
								],
								"url": {
									"raw": "http://localhost:8081/api/users/test-role",
									"protocol": "http",
									"host": [
										"localhost"
									],
									"port": "8081",
									"path": [
										"api",
										"users",
										"test-role"
									]
								}
							}
						},
						{
							"name": "Get My Profile",
							"request": {
								"method": "GET",
								"header": [
									{
										"key": "Authorization",
										"value": "Bearer {{jwt_token}}"
									}
								],
								"url": {
									"raw": "http://localhost:8081/api/users/me",
									"protocol": "http",
									"host": [
										"localhost"
									],
									"port": "8081",
									"path": [
										"api",
										"users",
										"me"
									]
								}
							}
						},
						{
							"name": "Update My Profile",
							"request": {
								"method": "PUT",
								"header": [
									{
										"key": "Authorization",
										"value": "Bearer {{jwt_token}}"
									},
									{
										"key": "Content-Type",
										"value": "application/json"
									}
								],
								"body": {
									"mode": "raw",
									"raw": "{\n  \"fullName\": \"John Smith\",\n  \"email\": \"john.smith@example.com\"\n}"
								},
								"url": {
									"raw": "http://localhost:8081/api/users/me",
									"protocol": "http",
									"host": [
										"localhost"
									],
									"port": "8081",
									"path": [
										"api",
										"users",
										"me"
									]
								}
							}
						}
					]
				}
			]
		},
		{
			"name": "Admin Service (Port 8082)",
			"item": [
				{
					"name": "Parking Lot Management",
					"item": [
						{
							"name": "Get All Lots",
							"request": {
								"method": "GET",
								"header": [
									{
										"key": "Authorization",
										"value": "Bearer {{admin_jwt_token}}"
									}
								],
								"url": {
									"raw": "http://localhost:8082/api/lots",
									"protocol": "http",
									"host": [
										"localhost"
									],
									"port": "8082",
									"path": [
										"api",
										"lots"
									]
								}
							}
						},
						{
							"name": "Create Parking Lot",
							"request": {
								"method": "POST",
								"header": [
									{
										"key": "Authorization",
										"value": "Bearer {{admin_jwt_token}}"
									},
									{
										"key": "Content-Type",
										"value": "application/json"
									}
								],
								"body": {
									"mode": "raw",
									"raw": "{\n  \"name\": \"Downtown Parking\",\n  \"address\": \"123 Main St\"\n}"
								},
								"url": {
									"raw": "http://localhost:8082/api/lots",
									"protocol": "http",
									"host": [
										"localhost"
									],
									"port": "8082",
									"path": [
										"api",
										"lots"
									]
								}
							}
						},
						{
							"name": "Update Parking Lot",
							"request": {
								"method": "PUT",
								"header": [
									{
										"key": "Authorization",
										"value": "Bearer {{admin_jwt_token}}"
									},
									{
										"key": "Content-Type",
										"value": "application/json"
									}
								],
								"body": {
									"mode": "raw",
									"raw": "{\n  \"name\": \"Updated Downtown Parking\",\n  \"address\": \"456 Updated St\"\n}"
								},
								"url": {
									"raw": "http://localhost:8082/api/lots/{{lot_id}}",
									"protocol": "http",
									"host": [
										"localhost"
									],
									"port": "8082",
									"path": [
										"api",
										"lots",
										"{{lot_id}}"
									]
								}
							}
						},
						{
							"name": "Delete Parking Lot",
							"request": {
								"method": "DELETE",
								"header": [
									{
										"key": "Authorization",
										"value": "Bearer {{admin_jwt_token}}"
									}
								],
								"url": {
									"raw": "http://localhost:8082/api/lots/{{lot_id}}",
									"protocol": "http",
									"host": [
										"localhost"
									],
									"port": "8082",
									"path": [
										"api",
										"lots",
										"{{lot_id}}"
									]
								}
							}
						}
					]
				},
				{
					"name": "Parking Spot Management",
					"item": [
						{
							"name": "Add Spot to Lot",
							"request": {
								"method": "POST",
								"header": [
									{
										"key": "Authorization",
										"value": "Bearer {{admin_jwt_token}}"
									},
									{
										"key": "Content-Type",
										"value": "application/json"
									}
								],
								"body": {
									"mode": "raw",
									"raw": "{\n  \"code\": \"A1\",\n  \"available\": true\n}"
								},
								"url": {
									"raw": "http://localhost:8082/api/lots/{{lot_id}}/spots",
									"protocol": "http",
									"host": [
										"localhost"
									],
									"port": "8082",
									"path": [
										"api",
										"lots",
										"{{lot_id}}",
										"spots"
									]
								}
							}
						},
						{
							"name": "Update Spot",
							"request": {
								"method": "PUT",
								"header": [
									{
										"key": "Authorization",
										"value": "Bearer {{admin_jwt_token}}"
									},
									{
										"key": "Content-Type",
										"value": "application/json"
									}
								],
								"body": {
									"mode": "raw",
									"raw": "{\n  \"code\": \"A1-UPDATED\",\n  \"available\": false\n}"
								},
								"url": {
									"raw": "http://localhost:8082/api/lots/{{lot_id}}/spots/{{spot_id}}",
									"protocol": "http",
									"host": [
										"localhost"
									],
									"port": "8082",
									"path": [
										"api",
										"lots",
										"{{lot_id}}",
										"spots",
										"{{spot_id}}"
									]
								}
							}
						},
						{
							"name": "Delete Spot",
							"request": {
								"method": "DELETE",
								"header": [
									{
										"key": "Authorization",
										"value": "Bearer {{admin_jwt_token}}"
									}
								],
								"url": {
									"raw": "http://localhost:8082/api/lots/{{lot_id}}/spots/{{spot_id}}",
									"protocol": "http",
									"host": [
										"localhost"
									],
									"port": "8082",
									"path": [
										"api",
										"lots",
										"{{lot_id}}",
										"spots",
										"{{spot_id}}"
									]
								}
							}
						},
						{
							"name": "Get Available Spots",
							"request": {
								"method": "GET",
								"header": [
									{
										"key": "Authorization",
										"value": "Bearer {{admin_jwt_token}}"
									}
								],
								"url": {
									"raw": "http://localhost:8082/api/lots/{{lot_id}}/spots",
									"protocol": "http",
									"host": [
										"localhost"
									],
									"port": "8082",
									"path": [
										"api",
										"lots",
										"{{lot_id}}",
										"spots"
									]
								}
							}
						},
						{
							"name": "Get All Spots",
							"request": {
								"method": "GET",
								"header": [
									{
										"key": "Authorization",
										"value": "Bearer {{admin_jwt_token}}"
									}
								],
								"url": {
									"raw": "http://localhost:8082/api/lots/{{lot_id}}/spots/all",
									"protocol": "http",
									"host": [
										"localhost"
									],
									"port": "8082",
									"path": [
										"api",
										"lots",
										"{{lot_id}}",
										"spots",
										"all"
									]
								}
							}
						}
					]
				},
				{
					"name": "Admin Dashboard & Reports",
					"item": [
						{
							"name": "Get Dashboard Stats",
							"request": {
								"method": "GET",
								"header": [
									{
										"key": "Authorization",
										"value": "Bearer {{admin_jwt_token}}"
									}
								],
								"url": {
									"raw": "http://localhost:8082/api/admin/dashboard/stats",
									"protocol": "http",
									"host": [
										"localhost"
									],
									"port": "8082",
									"path": [
										"api",
										"admin",
										"dashboard",
										"stats"
									]
								}
							}
						},
						{
							"name": "Get Booking History",
							"request": {
								"method": "GET",
								"header": [
									{
										"key": "Authorization",
										"value": "Bearer {{admin_jwt_token}}"
									}
								],
								"url": {
									"raw": "http://localhost:8082/api/admin/bookings/history?lotId=1&status=CONFIRMED&fromDate=2024-01-01&toDate=2024-01-31",
									"protocol": "http",
									"host": [
										"localhost"
									],
									"port": "8082",
									"path": [
										"api",
										"admin",
										"bookings",
										"history"
									],
									"query": [
										{
											"key": "lotId",
											"value": "1"
										},
										{
											"key": "status",
											"value": "CONFIRMED"
										},
										{
											"key": "fromDate",
											"value": "2024-01-01"
										},
										{
											"key": "toDate",
											"value": "2024-01-31"
										}
									]
								}
							}
						},
						{
							"name": "Get Transaction Logs",
							"request": {
								"method": "GET",
								"header": [
									{
										"key": "Authorization",
										"value": "Bearer {{admin_jwt_token}}"
									}
								],
								"url": {
									"raw": "http://localhost:8082/api/admin/transactions/logs?userId={{user_id}}&status=COMPLETED&fromDate=2024-01-01&toDate=2024-01-31",
									"protocol": "http",
									"host": [
										"localhost"
									],
									"port": "8082",
									"path": [
										"api",
										"admin",
										"transactions",
										"logs"
									],
									"query": [
										{
											"key": "userId",
											"value": "{{user_id}}"
										},
										{
											"key": "status",
											"value": "COMPLETED"
										},
										{
											"key": "fromDate",
											"value": "2024-01-01"
										},
										{
											"key": "toDate",
											"value": "2024-01-31"
										}
									]
								}
							}
						},
						{
							"name": "Get Occupancy Report",
							"request": {
								"method": "GET",
								"header": [
									{
										"key": "Authorization",
										"value": "Bearer {{admin_jwt_token}}"
									}
								],
								"url": {
									"raw": "http://localhost:8082/api/admin/reports/occupancy?period=daily",
									"protocol": "http",
									"host": [
										"localhost"
									],
									"port": "8082",
									"path": [
										"api",
										"admin",
										"reports",
										"occupancy"
									],
									"query": [
										{
											"key": "period",
											"value": "daily"
										}
									]
								}
							}
						},
						{
							"name": "Get Revenue Report",
							"request": {
								"method": "GET",
								"header": [
									{
										"key": "Authorization",
										"value": "Bearer {{admin_jwt_token}}"
									}
								],
								"url": {
									"raw": "http://localhost:8082/api/admin/reports/revenue?period=monthly",
									"protocol": "http",
									"host": [
										"localhost"
									],
									"port": "8082",
									"path": [
										"api",
										"admin",
										"reports",
										"revenue"
									],
									"query": [
										{
											"key": "period",
											"value": "monthly"
										}
									]
								}
							}
						}
					]
				}
			]
		},
		{
			"name": "Booking Service (Port 8083)",
			"item": [
				{
					"name": "Booking Management",
					"item": [
						{
							"name": "Get My Bookings",
							"request": {
								"method": "GET",
								"header": [
									{
										"key": "Authorization",
										"value": "Bearer {{jwt_token}}"
									}
								],
								"url": {
									"raw": "http://localhost:8083/api/bookings",
									"protocol": "http",
									"host": [
										"localhost"
									],
									"port": "8083",
									"path": [
										"api",
										"bookings"
									]
								}
							}
						},
						{
							"name": "Get Booking by ID",
							"request": {
								"method": "GET",
								"header": [
									{
										"key": "Authorization",
										"value": "Bearer {{jwt_token}}"
									}
								],
								"url": {
									"raw": "http://localhost:8083/api/bookings/{{booking_id}}",
									"protocol": "http",
									"host": [
										"localhost"
									],
									"port": "8083",
									"path": [
										"api",
										"bookings",
										"{{booking_id}}"
									]
								}
							}
						},
						{
							"name": "Create Booking",
							"request": {
								"method": "POST",
								"header": [
									{
										"key": "Authorization",
										"value": "Bearer {{jwt_token}}"
									},
									{
										"key": "Content-Type",
										"value": "application/json"
									}
								],
								"body": {
									"mode": "raw",
									"raw": "{\n  \"lotId\": 1,\n  \"spotId\": 1,\n  \"startTime\": \"2024-01-01T10:00:00\",\n  \"endTime\": \"2024-01-01T12:00:00\"\n}"
								},
								"url": {
									"raw": "http://localhost:8083/api/bookings",
									"protocol": "http",
									"host": [
										"localhost"
									],
									"port": "8083",
									"path": [
										"api",
										"bookings"
									]
								}
							}
						},
						{
							"name": "Update Booking",
							"request": {
								"method": "PUT",
								"header": [
									{
										"key": "Authorization",
										"value": "Bearer {{jwt_token}}"
									},
									{
										"key": "Content-Type",
										"value": "application/json"
									}
								],
								"body": {
									"mode": "raw",
									"raw": "{\n  \"spotId\": 2,\n  \"startTime\": \"2024-01-01T11:00:00\",\n  \"endTime\": \"2024-01-01T13:00:00\"\n}"
								},
								"url": {
									"raw": "http://localhost:8083/api/bookings/{{booking_id}}",
									"protocol": "http",
									"host": [
										"localhost"
									],
									"port": "8083",
									"path": [
										"api",
										"bookings",
										"{{booking_id}}"
									]
								}
							}
						},
						{
							"name": "Cancel Booking",
							"request": {
								"method": "DELETE",
								"header": [
									{
										"key": "Authorization",
										"value": "Bearer {{jwt_token}}"
									}
								],
								"url": {
									"raw": "http://localhost:8083/api/bookings/{{booking_id}}",
									"protocol": "http",
									"host": [
										"localhost"
									],
									"port": "8083",
									"path": [
										"api",
										"bookings",
										"{{booking_id}}"
									]
								}
							}
						},
						{
							"name": "Get Past Bookings",
							"request": {
								"method": "GET",
								"header": [
									{
										"key": "Authorization",
										"value": "Bearer {{jwt_token}}"
									}
								],
								"url": {
									"raw": "http://localhost:8083/api/bookings/past",
									"protocol": "http",
									"host": [
										"localhost"
									],
									"port": "8083",
									"path": [
										"api",
										"bookings",
										"past"
									]
								}
							}
						},
						{
							"name": "Get Future Bookings",
							"request": {
								"method": "GET",
								"header": [
									{
										"key": "Authorization",
										"value": "Bearer {{jwt_token}}"
									}
								],
								"url": {
									"raw": "http://localhost:8083/api/bookings/future",
									"protocol": "http",
									"host": [
										"localhost"
									],
									"port": "8083",
									"path": [
										"api",
										"bookings",
										"future"
									]
								}
							}
						}
					]
				},
				{
					"name": "Waitlist Management",
					"item": [
						{
							"name": "Get My Waitlist",
							"request": {
								"method": "GET",
								"header": [
									{
										"key": "Authorization",
										"value": "Bearer {{jwt_token}}"
									}
								],
								"url": {
									"raw": "http://localhost:8083/api/bookings/waitlist",
									"protocol": "http",
									"host": [
										"localhost"
									],
									"port": "8083",
									"path": [
										"api",
										"bookings",
										"waitlist"
									]
								}
							}
						},
						{
							"name": "Add to Waitlist",
							"request": {
								"method": "POST",
								"header": [
									{
										"key": "Authorization",
										"value": "Bearer {{jwt_token}}"
									},
									{
										"key": "Content-Type",
										"value": "application/json"
									}
								],
								"body": {
									"mode": "raw",
									"raw": "{\n  \"lotId\": 1,\n  \"spotId\": 1,\n  \"startTime\": \"2024-01-01T10:00:00\",\n  \"endTime\": \"2024-01-01T12:00:00\"\n}"
								},
								"url": {
									"raw": "http://localhost:8083/api/bookings/waitlist",
									"protocol": "http",
									"host": [
										"localhost"
									],
									"port": "8083",
									"path": [
										"api",
										"bookings",
										"waitlist"
									]
								}
							}
						},
						{
							"name": "Cancel Waitlist Entry",
							"request": {
								"method": "DELETE",
								"header": [
									{
										"key": "Authorization",
										"value": "Bearer {{jwt_token}}"
									}
								],
								"url": {
									"raw": "http://localhost:8083/api/bookings/waitlist/{{waitlist_id}}",
									"protocol": "http",
									"host": [
										"localhost"
									],
									"port": "8083",
									"path": [
										"api",
										"bookings",
										"waitlist",
										"{{waitlist_id}}"
									]
								}
							}
						}
					]
				},
				{
					"name": "Redis Testing",
					"item": [
						{
							"name": "Set Spot Unavailable",
							"request": {
								"method": "POST",
								"header": [
									{
										"key": "Content-Type",
										"value": "application/x-www-form-urlencoded"
									}
								],
								"body": {
									"mode": "urlencoded",
									"urlencoded": [
										{
											"key": "spotId",
											"value": "1"
										},
										{
											"key": "windowKey",
											"value": "2024-01-01T10:00:00:2024-01-01T12:00:00"
										}
									]
								},
								"url": {
									"raw": "http://localhost:8083/redis/set?spotId=1&windowKey=2024-01-01T10:00:00:2024-01-01T12:00:00",
									"protocol": "http",
									"host": [
										"localhost"
									],
									"port": "8083",
									"path": [
										"redis",
										"set"
									],
									"query": [
										{
											"key": "spotId",
											"value": "1"
										},
										{
											"key": "windowKey",
											"value": "2024-01-01T10:00:00:2024-01-01T12:00:00"
										}
									]
								}
							}
						},
						{
							"name": "Check Spot Availability",
							"request": {
								"method": "GET",
								"url": {
									"raw": "http://localhost:8083/redis/check?spotId=1&windowKey=2024-01-01T10:00:00:2024-01-01T12:00:00",
									"protocol": "http",
									"host": [
										"localhost"
									],
									"port": "8083",
									"path": [
										"redis",
										"check"
									],
									"query": [
										{
											"key": "spotId",
											"value": "1"
										},
										{
											"key": "windowKey",
											"value": "2024-01-01T10:00:00:2024-01-01T12:00:00"
										}
									]
								}
							}
						},
						{
							"name": "Clear Spot Availability",
							"request": {
								"method": "POST",
								"header": [
									{
										"key": "Content-Type",
										"value": "application/x-www-form-urlencoded"
									}
								],
								"body": {
									"mode": "urlencoded",
									"urlencoded": [
										{
											"key": "spotId",
											"value": "1"
										},
										{
											"key": "windowKey",
											"value": "2024-01-01T10:00:00:2024-01-01T12:00:00"
										}
									]
								},
								"url": {
									"raw": "http://localhost:8083/redis/clear?spotId=1&windowKey=2024-01-01T10:00:00:2024-01-01T12:00:00",
									"protocol": "http",
									"host": [
										"localhost"
									],
									"port": "8083",
									"path": [
										"redis",
										"clear"
									],
									"query": [
										{
											"key": "spotId",
											"value": "1"
										},
										{
											"key": "windowKey",
											"value": "2024-01-01T10:00:00:2024-01-01T12:00:00"
										}
									]
								}
							}
						}
					]
				}
			]
		},
		{
			"name": "Payment Service (Port 8084)",
			"item": [
				{
					"name": "Payment Management",
					"item": [
						{
							"name": "Get My Payments",
							"request": {
								"method": "GET",
								"header": [
									{
										"key": "Authorization",
										"value": "Bearer {{jwt_token}}"
									}
								],
								"url": {
									"raw": "http://localhost:8084/api/payments",
									"protocol": "http",
									"host": [
										"localhost"
									],
									"port": "8084",
									"path": [
										"api",
										"payments"
									]
								}
							}
						},
						{
							"name": "Initiate Payment",
							"request": {
								"method": "POST",
								"header": [
									{
										"key": "Authorization",
										"value": "Bearer {{jwt_token}}"
									},
									{
										"key": "Content-Type",
										"value": "application/json"
									}
								],
								"body": {
									"mode": "raw",
									"raw": "{\n  \"bookingId\": \"{{booking_id}}\",\n  \"amount\": 100.00\n}"
								},
								"url": {
									"raw": "http://localhost:8084/api/payments",
									"protocol": "http",
									"host": [
										"localhost"
									],
									"port": "8084",
									"path": [
										"api",
										"payments"
									]
								}
							}
						},
						{
							"name": "Confirm Payment",
							"request": {
								"method": "POST",
								"header": [
									{
										"key": "Authorization",
										"value": "Bearer {{jwt_token}}"
									}
								],
								"url": {
									"raw": "http://localhost:8084/api/payments/{{payment_id}}/confirm",
									"protocol": "http",
									"host": [
										"localhost"
									],
									"port": "8084",
									"path": [
										"api",
										"payments",
										"{{payment_id}}",
										"confirm"
									]
								}
							}
						},
						{
							"name": "Fail Payment",
							"request": {
								"method": "POST",
								"header": [
									{
										"key": "Authorization",
										"value": "Bearer {{jwt_token}}"
									}
								],
								"url": {
									"raw": "http://localhost:8084/api/payments/{{payment_id}}/fail?reason=Insufficient funds",
									"protocol": "http",
									"host": [
										"localhost"
									],
									"port": "8084",
									"path": [
										"api",
										"payments",
										"{{payment_id}}",
										"fail"
									],
									"query": [
										{
											"key": "reason",
											"value": "Insufficient funds"
										}
									]
								}
							}
						},
						{
							"name": "Get Payments by Booking",
							"request": {
								"method": "GET",
								"header": [
									{
										"key": "Authorization",
										"value": "Bearer {{jwt_token}}"
									}
								],
								"url": {
									"raw": "http://localhost:8084/api/payments/booking/{{booking_id}}",
									"protocol": "http",
									"host": [
										"localhost"
									],
									"port": "8084",
									"path": [
										"api",
										"payments",
										"booking",
										"{{booking_id}}"
									]
								}
							}
						},
						{
							"name": "Get Payments by Status",
							"request": {
								"method": "GET",
								"header": [
									{
										"key": "Authorization",
										"value": "Bearer {{jwt_token}}"
									}
								],
								"url": {
									"raw": "http://localhost:8084/api/payments/status/PENDING",
									"protocol": "http",
									"host": [
										"localhost"
									],
									"port": "8084",
									"path": [
										"api",
										"payments",
										"status",
										"PENDING"
									]
								}
							}
						},
						{
							"name": "Get Payments by Date Range",
							"request": {
								"method": "GET",
								"header": [
									{
										"key": "Authorization",
										"value": "Bearer {{jwt_token}}"
									}
								],
								"url": {
									"raw": "http://localhost:8084/api/payments/between?from=2024-01-01T00:00:00&to=2024-01-31T23:59:59",
									"protocol": "http",
									"host": [
										"localhost"
									],
									"port": "8084",
									"path": [
										"api",
										"payments",
										"between"
									],
									"query": [
										{
											"key": "from",
											"value": "2024-01-01T00:00:00"
										},
										{
											"key": "to",
											"value": "2024-01-31T23:59:59"
										}
									]
								}
							}
						}
					]
				},
				{
					"name": "Admin Payment Queries",
					"item": [
						{
							"name": "Get All Payments (Admin)",
							"request": {
								"method": "GET",
								"header": [
									{
										"key": "Authorization",
										"value": "Bearer {{admin_jwt_token}}"
									}
								],
								"url": {
									"raw": "http://localhost:8084/api/payments/admin/all",
									"protocol": "http",
									"host": [
										"localhost"
									],
									"port": "8084",
									"path": [
										"api",
										"payments",
										"admin",
										"all"
									]
								}
							}
						},
						{
							"name": "Get Payments by User (Admin)",
							"request": {
								"method": "GET",
								"header": [
									{
										"key": "Authorization",
										"value": "Bearer {{admin_jwt_token}}"
									}
								],
								"url": {
									"raw": "http://localhost:8084/api/payments/admin/user/{{user_id}}",
									"protocol": "http",
									"host": [
										"localhost"
									],
									"port": "8084",
									"path": [
										"api",
										"payments",
										"admin",
										"user",
										"{{user_id}}"
									]
								}
							}
						},
						{
							"name": "Get Payments by Status (Admin)",
							"request": {
								"method": "GET",
								"header": [
									{
										"key": "Authorization",
										"value": "Bearer {{admin_jwt_token}}"
									}
								],
								"url": {
									"raw": "http://localhost:8084/api/payments/admin/status/COMPLETED",
									"protocol": "http",
									"host": [
										"localhost"
									],
									"port": "8084",
									"path": [
										"api",
										"payments",
										"admin",
										"status",
										"COMPLETED"
									]
								}
							}
						},
						{
							"name": "Clear Payment Cache (Admin)",
							"request": {
								"method": "POST",
								"header": [
									{
										"key": "Authorization",
										"value": "Bearer {{admin_jwt_token}}"
									}
								],
								"url": {
									"raw": "http://localhost:8084/api/payments/cache/clear",
									"protocol": "http",
									"host": [
										"localhost"
									],
									"port": "8084",
									"path": [
										"api",
										"payments",
										"cache",
										"clear"
									]
								}
							}
						}
					]
				}
			]
		},
		{
			"name": "Notification Service (Port 8085)",
			"item": [
				{
					"name": "Notification Management",
					"item": [
						{
							"name": "Get Notification Status",
							"request": {
								"method": "GET",
								"header": [
									{
										"key": "Authorization",
										"value": "Bearer {{jwt_token}}"
									}
								],
								"url": {
									"raw": "http://localhost:8085/api/notifications/status",
									"protocol": "http",
									"host": [
										"localhost"
									],
									"port": "8085",
									"path": [
										"api",
										"notifications",
										"status"
									]
								}
							}
						},
						{
							"name": "Send Email Notification",
							"request": {
								"method": "POST",
								"header": [
									{
										"key": "Authorization",
										"value": "Bearer {{jwt_token}}"
									},
									{
										"key": "Content-Type",
										"value": "application/json"
									}
								],
								"body": {
									"mode": "raw",
									"raw": "{\n  \"to\": \"hrushikeshpathrabe23@gmail.com\",\n  \"subject\": \"Test Notification\",\n  \"body\": \"This is a test email notification from the Vehicle Parking Management System.\"\n}"
								},
								"url": {
									"raw": "http://localhost:8085/api/notifications/email",
									"protocol": "http",
									"host": [
										"localhost"
									],
									"port": "8085",
									"path": [
										"api",
										"notifications",
										"email"
									]
								}
							}
						}
					]
				}
			]
		}
	],
	"variable": [
		{
			"key": "jwt_token",
			"value": "",
			"description": "JWT token for regular user authentication"
		},
		{
			"key": "admin_jwt_token",
			"value": "",
			"description": "JWT token for admin user authentication"
		},
		{
			"key": "booking_id",
			"value": "",
			"description": "Booking ID for testing"
		},
		{
			"key": "payment_id",
			"value": "",
			"description": "Payment ID for testing"
		},
		{
			"key": "waitlist_id",
			"value": "",
			"description": "Waitlist ID for testing"
		},
		{
			"key": "user_id",
			"value": "",
			"description": "User ID for testing"
		},
		{
			"key": "lot_id",
			"value": "",
			"description": "Parking Lot ID for testing"
		},
		{
			"key": "spot_id",
			"value": "",
			"description": "Parking Spot ID for testing"
		}
	]
}
